model_full_name,preprocessing,postprocessing,checkpoint,psnr,ssim,mse,test_loss
FBP_ThreeL_SSNet,FBP,ThreeL_SSNet,FBP_ThreeL_SSNet.pth,16.057247161865234,0.4200616180896759,0.02478993100481569,0.02478993100481569
FBP_UNet_V1,FBP,UNet_V1,FBP_UNet_V1.pth,28.58367156982422,0.8195685148239136,0.0013855838295875477,0.018961887692730727
FBP_UNet_V1_ch32,FBP,UNet_V1,FBP_UNet_V1_ch32.pth,15.101900100708008,0.3930298089981079,0.03088944510411505,0.11027723564467298
SART_UNet_V1_ch32_ep5_lr100,SART,UNet_V1,SART_UNet_V1_ch32_ep5_lr100.pth,28.678327560424805,0.8157936334609985,0.001355711055637568,0.018226748303900437
